,precision,recall,f1-score,support
No Default,0.8775464517573316,0.838861545046009,0.8577680525164114,4673.0
Default,0.5088062622309197,0.587792012057272,0.5454545454545454,1327.0
accuracy,0.7833333333333333,0.7833333333333333,0.7833333333333333,0.7833333333333333
macro avg,0.6931763569941256,0.7133267785516405,0.7016112989854784,6000.0
weighted avg,0.7959934131737402,0.7833333333333333,0.7886947152045621,6000.0
