Model,AUC-ROC,Avg Precision,F1 (Default)
Baseline RF (balanced),0.7604211433799097,0.5389335100797563,0.4426955238563699
SMOTE RF,0.7506595231694655,0.4978627808802382,0.5039123630672926
Tuned RF,0.776645034381964,0.5536341029819163,0.5437434646218194
